Titulo,ID,Tipo,Año,Genero
Istota,tt0102362,Movie,2000,Drama
Gensomaden Saiyuki,tt0111056,TV Series,2000,Drama
For the Cause,tt0113092,Movie,2000,Drama
Florentino y el diablo,tt0113086,Movie,2000,Drama
Karobaar: The Business of Love,tt0116748,Movie,2000,Drama
Chateaubriand - Cabeça de Paraíba,tt0115874,Short,2000,Drama
Gang,tt0116391,Movie,2000,Drama
Consequence,tt0115937,Movie,2000,Drama
Fa yeung nin wah,tt0118694,Movie,2000,Drama
Dumped,tt0119027,Video,2000,Drama
November 1828,tt0079644,Movie,2001,Drama
The Killing Seasons,tt0113545,Short,2001,Drama
Albela,tt0118578,Movie,2001,Drama
Don's Plum,tt0119004,Movie,2001,Drama
Glitter,tt0118589,Movie,2001,Drama
Camarate,tt0120624,Movie,2001,Drama
"Berlin Diaries, 1940-45",tt0120605,Movie,2001,Drama
Ricochet River,tt0120807,Movie,2001,Drama
Interstícios,tt0120713,Short,2001,Drama
The Lord of the Rings: The Fellowship of the Ring,tt0120737,Movie,2001,Drama
Crime and Punishment,tt0096056,Movie,2002,Drama
The Dancer Upstairs,tt0118926,Movie,2002,Drama
Random Shooting in L.A.,tt0119980,Movie,2002,Drama
Frida,tt0120679,Movie,2002,Drama
Shivam,tt0130255,Movie,2002,Drama
The Good War,tt0149253,Movie,2002,Drama
Karen,tt0151187,Video,2002,Drama
The Tomorrow Man,tt0153098,Video,2002,Drama
The Bacchae,tt0154187,Movie,2002,Drama
Spooks,tt0160904,TV Series,2002,Drama
A Mulher Polícia,tt0119727,Movie,2003,Drama
American Reel,tt0140806,Movie,2003,Drama
One Last Dance,tt0157191,Movie,2003,Drama
Cold Mountain,tt0159365,Movie,2003,Drama
The Lord of the Rings: The Return of the King,tt0167260,Movie,2003,Drama
Baggage,tt0169579,Movie,2003,Drama
Tilt,tt0184955,Short,2003,Drama
Standing Room Only,tt0185704,Short,2003,Drama
The Fighting Temptations,tt0191133,Movie,2003,Drama
Jersey Guy,tt0191211,Movie,2003,Drama
En tres y dos,tt0092960,Movie,2004,Drama
Letting Go,tt0121803,TV Movie,2004,Drama
"Goodnight, Joseph Parker",tt0146803,Movie,2004,Drama
Bluebird,tt0159290,Movie,2004,Drama
El Maya,tt0168064,Movie,2004,Drama
Il resto di niente,tt0170508,Movie,2004,Drama
Greener,tt0186785,Movie,2004,Drama
Olga,tt0196811,Movie,2004,Drama
Sin's Kitchen,tt0203912,Movie,2004,Drama
Tricks,tt0211070,Movie,2004,Drama
Still Waters Burn,tt0117743,Movie,2008,Drama
Quality Time,tt0119970,Movie,2008,Drama
Geliebte Clara,tt0177636,Movie,2008,Drama
The Bank Job,tt0200465,Movie,2008,Drama
Berlin Calling,tt0211946,Movie,2008,Drama
Casshern Sins,tt0235119,TV Series,2008,Drama
Jackson,tt0313088,Movie,2008,Drama
A Circle on the Cross,tt0317249,Movie,2008,Drama
Brothel,tt0319115,Movie,2008,Drama
2 en 1 auto,tt0326495,Short,2008,Drama
Apaföld,tt0143558,Movie,2009,Drama
Rózsaszín sajt,tt0153140,Movie,2009,Drama
Sanam Teri Kasam,tt0205380,Movie,2009,Drama
Twice as Dead,tt0254832,Movie,2009,Drama
Railed,tt0311698,Movie,2009,Drama
Coraline,tt0327597,Movie,2009,Drama
Mitsein,tt0344074,Movie,2009,Drama
Blood and Bone,tt0346631,Movie,2009,Drama
Inglourious Basterds,tt0361748,Movie,2009,Drama
The Box,tt0362478,Movie,2009,Drama
Pál Adrienn,tt0146592,Movie,2010,Drama
Oda az igazság,tt0154039,Movie,2010,Drama
A zöld sárkány gyermekei,tt0162942,Movie,2010,Drama
Flexing with Monty,tt0200641,Video,2010,Drama
The Final Journey,tt0230212,Movie,2010,Drama
In My Sleep,tt0326965,Movie,2010,Drama
This Wretched Life,tt0331312,Movie,2010,Drama
Blind Sided,tt0337882,Movie,2010,Drama
Death of a Nation,tt0370451,Short,2010,Drama
The Pacific,tt0374463,TV Mini Series,2010,Drama
Az ember tragédiája,tt0176694,Movie,2011,Drama
Los pájaros se van con la muerte,tt0247643,Movie,2011,Drama
Mit doppeltem Boden,tt0262463,TV Episode,2011,Drama
Lives No Longer Ours,tt0311448,Movie,2011,Drama
The Wicker Tree,tt0323808,Movie,2011,Drama
Spy,tt0372538,Movie,2011,Drama
The Rum Diary,tt0376136,Movie,2011,Drama
The Crimson Petal and the White,tt0384013,TV Mini Series,2011,Drama
11:11,tt0406492,Video,2011,Drama
Bubbles,tt0406282,Movie,2011,Drama
On the Road,tt0337692,Movie,2012,Drama
Destination Fame,tt0419681,Video,2012,Drama
Hemingway & Gellhorn,tt0423455,TV Movie,2012,Drama
Acorralados,tt0426566,Movie,2012,Drama
Caleuche: El llamado del Mar,tt0433533,Movie,2012,Drama
L'apocalisse delle scimmie,tt0433787,Movie,2012,Drama
Lincoln,tt0443272,Movie,2012,Drama
The Corrections,tt0446672,TV Movie,2012,Drama
Life of Pi,tt0454876,Movie,2012,Drama
Being Flynn,tt0455323,Movie,2012,Drama
Return to Babylon,tt0255820,Movie,2013,Drama
The Secret Life of Walter Mitty,tt0359950,Movie,2013,Drama
In Secret,tt0409379,Movie,2013,Drama
In absentia,tt0431830,Short,2013,Drama
42,tt0453562,Movie,2013,Drama
Without Warrant,tt0479700,Movie,2013,Drama
uwantme2killhim?,tt0485061,Movie,2013,Drama
Syrup,tt0762138,Movie,2013,Drama
Santorini Blue,tt0780625,Movie,2013,Drama
Dallas Buyers Club,tt0790636,Movie,2013,Drama
Le sacre d'automne,tt0165933,Short,2014,Drama
Instruments of Darkness,tt0338258,Movie,2014,Drama
A Walk Among the Tombstones,tt0365907,Movie,2014,Drama
The Ninth Cloud,tt0424859,Movie,2014,Drama
The Giver,tt0435651,Movie,2014,Drama
Before We Go,tt0443465,Movie,2014,Drama
A Long Way Down,tt0458413,Movie,2014,Drama
Ex Machina,tt0470752,Movie,2014,Drama
Dil Ka Sauda,tt0485535,Movie,2014,Drama
The Ego Show,tt0650540,TV Episode,2014,Drama
Shulie,tt0177220,Short,2015,Drama
Snowblind,tt0297400,Movie,2015,Drama
Chatô: O Rei do Brasil,tt0337926,Movie,2015,Drama
Transeúntes,tt0346045,Movie,2015,Drama
Wish ko lang,tt0400059,TV Series,2015,Drama
The Stanford Prison Experiment,tt0420293,Movie,2015,Drama
High-Rise,tt0462335,Movie,2015,Drama
The Man Who Knew Infinity,tt0787524,Movie,2015,Drama
Miles Ahead,tt0790770,Movie,2015,Drama
The Danish Girl,tt0810819,Movie,2015,Drama
Twister: A Musical Catastrophe,tt0111522,Video,2000,Comedy
Love 101,tt0119495,Movie,2000,Comedy
Nothing Sacred,tt0119806,Movie,2000,Comedy
State and Main,tt0120202,Movie,2000,Comedy
Bruno,tt0123003,Movie,2000,Comedy
Sånger från andra våningen,tt0120263,Movie,2000,Comedy
The Elf Who Didn't Believe,tt0123055,Movie,2000,Comedy
Chicken Run,tt0120630,Movie,2000,Comedy
Kate & Leopold,tt0035423,Movie,2001,Comedy
El día de los albañiles 2,tt0089067,Movie,2001,Comedy
Bye Bye Baby,tt0103902,TV Movie,2001,Comedy
Horror in the Attic,tt0118652,Movie,2001,Comedy
Burning Down the House,tt0123581,Movie,2001,Comedy
Sticks,tt0124889,Movie,2001,Comedy
Heartbreakers,tt0125022,Movie,2001,Comedy
Shrek,tt0126029,Movie,2001,Comedy
Men in Black II,tt0120912,Movie,2002,Comedy
Trance,tt0120870,Movie,2002,Comedy
Flophouse,tt0128216,Movie,2002,Comedy
Hilda Humphrey,tt0133858,Short,2002,Comedy
Copyright for Hire,tt0137441,Video,2002,Comedy
Book of Love: The Definitive Reason Why Men Are Dogs,tt0156376,Movie,2002,Comedy
Clockstoppers,tt0157472,Movie,2002,Comedy
Spooky House,tt0160905,Movie,2002,Comedy
The Freshmen,tt0160295,TV Episode,2002,Comedy
Easter,tt0160240,Movie,2002,Comedy
Remembering Mario,tt0117461,Movie,2003,Comedy
Between the Sheets,tt0120607,Movie,2003,Comedy
Dominator,tt0135991,Movie,2003,Comedy
Intolerable Cruelty,tt0138524,Movie,2003,Comedy
Nobody Knows Anything!,tt0142634,Movie,2003,Comedy
St. Andrew's Girls,tt0156100,Movie,2003,Comedy
Sinbad: Legend of the Seven Seas,tt0165982,Movie,2003,Comedy
Bad Boys II,tt0172156,Movie,2003,Comedy
West from North Goes South,tt0108549,Movie,2004,Comedy
Serial Killer,tt0122247,Movie,2004,Comedy
Thunderbirds,tt0167456,Movie,2004,Comedy
A Night at Sophie's,tt0169084,Movie,2004,Comedy
Kebab Connection,tt0177882,Movie,2004,Comedy
Meri Biwi Ka Jawab Nahin,tt0187279,Movie,2004,Comedy
29 and Holding,tt0198013,Movie,2004,Comedy
Shower of Blood,tt0213248,Video,2004,Comedy
B Movie,tt0220322,Movie,2004,Comedy
The Naked Monster,tt0088751,Movie,2005,Comedy
Three,tt0159790,Movie,2005,Comedy
Avaruuden teurastajat,tt0167011,Video,2005,Comedy
Angels with Angles,tt0179803,Movie,2005,Comedy
Bob the Butler,tt0216584,Movie,2005,Comedy
Bad Girls from Valley High,tt0216746,Movie,2005,Comedy
Lucky 13,tt0222167,Movie,2005,Comedy
Slipdream,tt0226851,Movie,2005,Comedy
Live Freaky Die Freaky,tt0197633,Movie,2006,Comedy
Death of a Saleswoman,tt0204250,Movie,2006,Comedy
Kureyon Shin-chan,tt0245612,TV Series,2006,Comedy
Funny Money,tt0244521,Movie,2006,Comedy
How to Go Out on a Date in Queens,tt0270417,Movie,2006,Comedy
Mothers and Daughters,tt0275258,Movie,2006,Comedy
Ozzie,tt0280000,Movie,2006,Comedy
Obsluhoval jsem anglického krále,tt0284363,Movie,2006,Comedy
The Junior Defenders,tt0119231,Movie,2007,Comedy
Tortilla Heaven,tt0227671,Movie,2007,Comedy
The Bros.,tt0275236,Movie,2007,Comedy
Fog²- Revenge of the Executed,tt0285565,Video,2007,Comedy
Rush Hour 3,tt0293564,Movie,2007,Comedy
Hollywood Dot Com,tt0294654,Movie,2007,Comedy
The Man Who Would Be Queen,tt0300007,Movie,2007,Comedy
Die Sandra Situation,tt0308900,Short,2007,Comedy
Marigold,tt0329354,Movie,2007,Comedy
"So, You've Downloaded a Demon",tt0348062,Movie,2007,Comedy
Biriken,tt0115686,Movie,2008,Comedy
Alien Love Triangle,tt0118837,Short,2008,Comedy
Back of the Y Masterpiece Television,tt0300727,TV Series,2008,Comedy
Big River Blues,tt0340020,Movie,2008,Comedy
Delgo,tt0361500,Movie,2008,Comedy
Lymelife,tt0363780,Movie,2008,Comedy
Anywhere But Home,tt0369436,Movie,2008,Comedy
I Miss Sonia Henie,tt0067230,Short,2009,Comedy
El reino de los cielos,tt0288190,Movie,2009,Comedy
Unter Strom,tt0304876,Movie,2009,Comedy
Chinango,tt0312958,Movie,2009,Comedy
Mutant Swinger from Mars,tt0345683,Video,2009,Comedy
Los muertos van deprisa,tt0353765,Movie,2009,Comedy
Two-Minute Heist,tt0365873,Movie,2009,Comedy
Astro Boy,tt0375568,Movie,2009,Comedy
Anderson's Cross,tt0393049,Movie,2010,Comedy
Rapunzel,tt0398286,Movie,2010,Comedy
Venus & Vegas,tt0423474,Movie,2010,Comedy
Dinner for Schmucks,tt0427152,Movie,2010,Comedy
Toy Story 3,tt0435761,Movie,2010,Comedy
Diary of a Bad Lad,tt0449005,Movie,2010,Comedy
Scott Pilgrim vs. the World,tt0446029,Movie,2010,Comedy
Duke Nukem Forever,tt0363582,Video Game,2011,Comedy
Gnomeo & Juliet,tt0377981,Movie,2011,Comedy
Seven Fallen Objects,tt0407194,Movie,2011,Comedy
Satin,tt0433397,Movie,2011,Comedy
Puss in Boots,tt0448694,Movie,2011,Comedy
Generation P,tt0459748,Movie,2011,Comedy
Salvando al Soldado Pérez,tt0461336,Movie,2011,Comedy
Silent Alarm,tt0462536,Movie,2011,Comedy
Foodfight!,tt0249516,Movie,2012,Comedy
Life's a Beach,tt0285252,Movie,2012,Comedy
The Three Stooges,tt0383010,Movie,2012,Comedy
Gambit,tt0404978,Movie,2012,Comedy
Os Penetras,tt0452664,Movie,2012,Comedy
Persona Au Gratin,tt0475360,Movie,2012,Comedy
Sushi in Suhl,tt0485521,Movie,2012,Comedy
Episode #1.16,tt0683737,TV Episode,2012,Comedy
A Thousand Words,tt0763831,Movie,2012,Comedy
Blunt Movie,tt0452183,Movie,2013,Comedy
Alan Partridge: Alpha Papa,tt0469021,Movie,2013,Comedy
The Croods,tt0481499,Movie,2013,Comedy
Aftermath,tt0490075,Movie,2013,Comedy
The Incredible Burt Wonderstone,tt0790628,Movie,2013,Comedy
R.I.P.D.,tt0790736,Movie,2013,Comedy
Frivolinas,tt0016906,Movie,2014,Comedy
The Fresh Lobster,tt0168809,Short,2014,Comedy
Rice Girl,tt0329539,Movie,2014,Comedy
Kid Cannabis,tt0780548,Movie,2014,Comedy
The Boxtrolls,tt0787474,Movie,2014,Comedy
Rupan sansei,tt0862748,Movie,2014,Comedy
Mr. Peabody & Sherman,tt0864835,Movie,2014,Comedy
Show of Hearts,tt0188360,TV Series,2015,Comedy
Soapte de amor,tt0191476,Movie,2015,Comedy
Prozac tango,tt0420097,Short,2015,Comedy
Ant-Man,tt0478970,Movie,2015,Comedy
The Wedding Ringer,tt0884732,Movie,2015,Comedy
Episode #1.326,tt10002096,TV Episode,2015,Comedy
Episode #1.335,tt10002126,TV Episode,2015,Comedy
Episode #1.325,tt10002094,TV Episode,2015,Comedy
Episode #1.336,tt10002128,TV Episode,2015,Comedy
The Incorporated,tt0116628,Movie,2000,Action
Heavy Metal 2000,tt0119273,Movie,2000,Action
Mission: Impossible II,tt0120755,Movie,2000,Action
Titan A.E.,tt0120913,Movie,2000,Action
Foiled,tt0120673,Movie,2000,Action
X-Men,tt0120903,Movie,2000,Action
The Silent Force,tt0114447,Movie,2001,Action
Blazin',tt0128165,Movie,2001,Action
Driven,tt0132245,Movie,2001,Action
Planet of the Apes,tt0133152,Movie,2001,Action
The Falkland Man,tt0138432,Video,2001,Action
The Ghost,tt0141120,Movie,2001,Action
Lara Croft: Tomb Raider,tt0146316,Movie,2001,Action
Camouflage,tt0150021,Movie,2001,Action
Star Wars: Episode II - Attack of the Clones,tt0121765,Movie,2002,Action
A Troll's Bridge,tt0120377,Video,2002,Action
Resident Evil,tt0120804,Movie,2002,Action
Spider-Man,tt0145487,Movie,2002,Action
Last Fair Deal,tt0151299,Movie,2002,Action
Freelancer,tt0165789,Video Game,2003,Action
Terminator 3: Rise of the Machines,tt0181852,Movie,2003,Action
Plastik Man,tt0200962,Short,2003,Action
A Good Night to Die,tt0203536,Movie,2003,Action
TRON 2.0,tt0208650,Video Game,2003,Action
Den hemlige riddaren II: Återkomsten,tt0218326,Movie,2003,Action
Necro Files 2,tt0227113,Video,2003,Action
Road Dogs,tt0232537,Movie,2003,Action
Split,tt0131597,Movie,2004,Action
Hellboy,tt0167190,Movie,2004,Action
Galleon,tt0211381,Video Game,2004,Action
Vampire Lesbian Kickboxers,tt0235853,Movie,2004,Action
Anji,tt0239235,Movie,2004,Action
Radius,tt0244746,Short,2004,Action
Star Wars: Episode III - Revenge of the Sith,tt0121766,Movie,2005,Action
Fantastic Four,tt0120667,Movie,2005,Action
Ice Queen,tt0228040,Video,2005,Action
Striptease Baby Dolls from Cleveland Meet the Unkillables,tt0228906,Movie,2005,Action
Wilson Chance,tt0244306,Movie,2005,Action
The Karate Dog,tt0270882,TV Movie,2005,Action
Man-Thing,tt0290747,Movie,2005,Action
The Sea Wolf,tt0295590,Movie,2005,Action
Dark Assassin,tt0301265,Movie,2005,Action
Drive Time Murders,tt0306748,TV Movie,2006,Action
Mission: Impossible III,tt0317919,Movie,2006,Action
The Drop,tt0340084,Movie,2006,Action
Detroit,tt0337609,Movie,2006,Action
Meteoro,tt0339382,Movie,2006,Action
The Detonator,tt0345461,Video,2006,Action
Superman Returns,tt0348150,Movie,2006,Action
The Brink,tt0352220,Video,2006,Action
Ghost Rider,tt0259324,Movie,2007,Action
Highlander: The Source,tt0299981,TV Movie,2007,Action
Band of Pirates: Buccaneer Island,tt0305268,Video,2007,Action
Intergalactic Combat,tt0330972,Movie,2007,Action
Die Hard 4.0,tt0337978,Movie,2007,Action
The Chosen One,tt0357545,Movie,2007,Action
D-War,tt0372873,Movie,2007,Action
Harry Potter and the Order of the Phoenix,tt0373889,Movie,2007,Action
Muhomatsu no issho,tt0036177,Movie,2008,Action
The Flyboys,tt0357668,Movie,2008,Action
Babylon A.D.,tt0364970,Movie,2008,Action
The Red Baron,tt0365675,Movie,2008,Action
Indiana Jones and the Kingdom of the Crystal Skull,tt0367882,Movie,2008,Action
Iron Man,tt0371746,Movie,2008,Action
Journey to the Center of the Earth,tt0373051,Movie,2008,Action
Far Cry,tt0400426,Movie,2008,Action
Whiteout,tt0365929,Movie,2009,Action
Sterling: The Secret of the Lost Medallion,tt0373340,Movie,2009,Action
Watchmen,tt0409459,Movie,2009,Action
Harry Potter en de halfbloed prins,tt0417741,Movie,2009,Action
The Haunted World of El Superbeasto,tt0419724,Video,2009,Action
Royal Kill,tt0421237,Movie,2009,Action
Young Alexander the Great,tt0390197,Video,2010,Action
Tekken,tt0411951,Movie,2010,Action
The A-Team,tt0429493,Movie,2010,Action
Segurança Nacional,tt0439801,Movie,2010,Action
Taken by Force,tt0465637,Movie,2010,Action
"Guns, Drugs and Dirty Money",tt0464032,Movie,2010,Action
Komaram Puli,tt0464162,Movie,2010,Action
Cowboys & Aliens,tt0409847,Movie,2011,Action
Real Steel,tt0433035,Movie,2011,Action
Captain America: The First Avenger,tt0458339,Movie,2011,Action
Platinum Illusions,tt0469158,Movie,2011,Action
The Mechanic,tt0472399,Movie,2011,Action
Tower Heist,tt0471042,Movie,2011,Action
Super Monkey Ball 3D,tt0479105,Video Game,2011,Action
Season of the Witch,tt0479997,Movie,2011,Action
John Carter,tt0401729,Movie,2012,Action
Clutch,tt0475239,Movie,2012,Action
Red Tails,tt0485985,Movie,2012,Action
Jack Reacher,tt0790724,Movie,2012,Action
Gallowwalkers,tt0829176,Movie,2012,Action
The Avengers,tt0848228,Movie,2012,Action
The Sweeney,tt0857190,Movie,2012,Action
Evangelion Shin Gekijôban: Kyu,tt0860907,Movie,2012,Action
The Amazing Spider-Man 3D,tt0948470,Movie,2012,Action
U.S. Bounty Hunters,tt0376441,TV Series,2013,Action
Prisoners of the Sun,tt0496375,Movie,2013,Action
Man of Steel,tt0770828,Movie,2013,Action
World War Z,tt0816711,Movie,2013,Action
The Power of Few,tt0817545,Movie,2013,Action
Epic,tt0848537,Movie,2013,Action
Snitch,tt0882977,Movie,2013,Action
Action Jackson,tt0403935,Movie,2014,Action
The Equalizer,tt0455944,Movie,2014,Action
Sin City: A Dame to Kill For,tt0458481,Movie,2014,Action
Jersey Justice,tt0772175,Movie,2014,Action
Dracula Untold,tt0829150,Movie,2014,Action
Godzilla,tt0831387,Movie,2014,Action
Electric Slide,tt0835775,Movie,2014,Action
Jurassic World,tt0369610,Movie,2015,Action
Oscar Buzz,tt10004934,Short,2015,Action
Episode #1.266,tt10019964,TV Episode,2015,Action
Episode #1.264,tt10019958,TV Episode,2015,Action
Episode #1.260,tt10019950,TV Episode,2015,Action
Episode #1.254,tt10019934,TV Episode,2015,Action
Episode #1.249,tt10019924,TV Episode,2015,Action
Episode #1.253,tt10019936,TV Episode,2015,Action
Episode #1.275,tt10019986,TV Episode,2015,Action
Keizer Kuzco,tt0120917,Movie,2000,Fantasy
Dinosaur,tt0130623,Movie,2000,Fantasy
The Crow: Salvation,tt0132910,Movie,2000,Fantasy
The Adventures of Rocky & Bullwinkle,tt0131704,Movie,2000,Fantasy
The Road to El Dorado,tt0138749,Movie,2000,Fantasy
Highlander: Endgame,tt0144964,Movie,2000,Fantasy
Red Lipstick,tt0144574,Movie,2000,Fantasy
The Legend of Bagger Vance,tt0146984,Movie,2000,Fantasy
The Sorcerer's Apprentice,tt0120166,Movie,2001,Fantasy
Lightmaker,tt0133063,Movie,2001,Fantasy
Little Shop of Erotica,tt0148415,Movie,2001,Fantasy
Un jour,tt0162028,Short,2001,Fantasy
Vidocq,tt0164961,Movie,2001,Fantasy
Monkeybone,tt0166276,Movie,2001,Fantasy
Piratenplaneet,tt0133240,Movie,2002,Fantasy
The Princess and the Pea,tt0146063,Movie,2002,Fantasy
Interstate 60: Episodes of the Road,tt0165832,Movie,2002,Fantasy
The Lord of the Rings: The Two Towers,tt0167261,Movie,2002,Fantasy
La balsa de piedra,tt0175203,Movie,2002,Fantasy
The Adventures of Tom Thumb & Thumbelina,tt0185143,Video,2002,Fantasy
Snow Queen,tt0210294,TV Mini Series,2002,Fantasy
Legend of the Phantom Rider,tt0210223,Movie,2002,Fantasy
Silver Man,tt0217802,Movie,2003,Fantasy
Pumuckl und sein Zirkusabenteuer,tt0237622,Movie,2003,Fantasy
Maniac Magee,tt0246063,TV Movie,2003,Fantasy
Bulletproof Monk,tt0245803,Movie,2003,Fantasy
El milagro,tt0246078,Short,2003,Fantasy
The Devil and Daniel Webster,tt0263265,Movie,2003,Fantasy
Warrior Sisters,tt0205513,Movie,2004,Fantasy
Raspberry & Lavender,tt0222790,Movie,2004,Fantasy
Berserker,tt0264410,Movie,2004,Fantasy
Mulan II,tt0279967,Video,2004,Fantasy
Off the Pages,tt0286857,Movie,2004,Fantasy
Mothers Little Murderer,tt0293708,Movie,2004,Fantasy
Shrek 2,tt0298148,Movie,2004,Fantasy
Last Mountain,tt0234084,Movie,2005,Fantasy
Mee-Shee: The Water Giant,tt0243462,Movie,2005,Fantasy
The Curse of the Were-Rabbit,tt0312004,Movie,2005,Fantasy
Lung do kei yuen,tt0327660,Movie,2005,Fantasy
God Part II,tt0330260,Video,2005,Fantasy
Whispers from a Shallow Grave,tt0144280,Movie,2006,Fantasy
Happily N'Ever After,tt0308353,Movie,2006,Fantasy
Arthur en de Minimoys,tt0344854,Movie,2006,Fantasy
The Science of Sleep,tt0354899,Movie,2006,Fantasy
Love Hollywood Style,tt0361852,Movie,2006,Fantasy
Sea of Dreams,tt0367567,Movie,2006,Fantasy
Ratatouille,tt0382932,Movie,2007,Fantasy
The Golden Compass,tt0385752,Movie,2007,Fantasy
Meet the Robinsons,tt0396555,Movie,2007,Fantasy
Blood and Chocolate,tt0397044,Movie,2007,Fantasy
In Your Dreams,tt0373028,Movie,2008,Fantasy
Carlston za Ognjenku,tt0380249,Movie,2008,Fantasy
De maanprinses en het geheim van het witte paard,tt0396707,Movie,2008,Fantasy
Nim's Island,tt0410377,Movie,2008,Fantasy
Hellboy II: The Golden Army,tt0411477,Movie,2008,Fantasy
De Spiderwick kronieken,tt0416236,Movie,2008,Fantasy
The Tale of Despereaux,tt0420238,Movie,2008,Fantasy
The Magic Stone,tt0293354,Movie,2009,Fantasy
Malice in Wonderland,tt0374853,Movie,2009,Fantasy
The Lovely Bones,tt0380510,Movie,2009,Fantasy
Skellig,tt0382301,TV Movie,2009,Fantasy
Max en de maximonsters,tt0386117,Movie,2009,Fantasy
Proinhibition,tt0411774,Short,2009,Fantasy
The Dream of Alvareen,tt0415764,Video,2009,Fantasy
Dormir al sol,tt0417610,Movie,2010,Fantasy
Piranha 3D,tt0464154,Movie,2010,Fantasy
Prince of Persia: The Sands of Time,tt0473075,Movie,2010,Fantasy
El horror de la dama del lago,tt0478660,Movie,2010,Fantasy
Ramona and Beezus,tt0493949,Movie,2010,Fantasy
Tranced,tt0499608,Movie,2010,Fantasy
The Legend of Secret Pass,tt0765465,Movie,2010,Fantasy
50 Feet of String,tt0210470,Movie,2011,Fantasy
The Smurfs,tt0472181,Movie,2011,Fantasy
The Tree of Life,tt0478304,Movie,2011,Fantasy
The Nine Lives of Chloe King,tt0499400,TV Mini Series,2011,Fantasy
Thor,tt0800369,Movie,2011,Fantasy
Spoon,tt0805617,Movie,2011,Fantasy
Conan the Barbarian,tt0816462,Movie,2011,Fantasy
Hotel Transylvania,tt0837562,Movie,2012,Fantasy
De Hobbit: Een onverwachte reis,tt0903624,Movie,2012,Fantasy
Masuk,tt10018108,Short,2012,Fantasy
Kathakas,tt10036650,Short,2012,Fantasy
Hors de Contrôle,tt10062262,TV Episode,2012,Fantasy
Déchirements,tt10062214,TV Episode,2012,Fantasy
The Fallen Word,tt0843839,Movie,2013,Fantasy
Legends of Oz: Dorothy's Return,tt0884726,Movie,2013,Fantasy
Legend of the Red Reaper,tt0996958,Movie,2013,Fantasy
Episode #1.207,tt10002414,TV Episode,2013,Fantasy
Episode #1.214,tt10002444,TV Episode,2013,Fantasy
Episode #1.210,tt10002424,TV Episode,2013,Fantasy
The Hero of Color City,tt0498351,Movie,2014,Fantasy
Hamlet A.D.D.,tt0892062,Movie,2014,Fantasy
Tracy Smith: La Cueva de Resurrección,tt10014526,Short,2014,Fantasy
High Five,tt10027854,TV Episode,2014,Fantasy
Bar B Cubes,tt10027814,TV Episode,2014,Fantasy
Episode #1.324,tt10002092,TV Episode,2015,Fantasy
Episode #1.329,tt10002102,TV Episode,2015,Fantasy
Episode #1.333,tt10002116,TV Episode,2015,Fantasy
Episode #1.334,tt10002122,TV Episode,2015,Fantasy
Episode #1.322,tt10002090,TV Episode,2015,Fantasy
Episode #1.332,tt10002118,TV Episode,2015,Fantasy
Deadfall,tt0128158,Movie,2000,Horror
Scream 3,tt0134084,Movie,2000,Horror
Supernova,tt0134983,Movie,2000,Horror
The Chronicles of Riddick: Pitch Black,tt0134847,Movie,2000,Horror
Drainiac!,tt0138408,Video,2000,Horror
Mothman,tt0137115,Movie,2000,Horror
American Psycho,tt0144084,Movie,2000,Horror
Eyes to Heaven,tt0148120,Movie,2000,Horror
Ricky 6,tt0156020,Movie,2000,Horror
Sacrifice,tt0156984,TV Movie,2000,Horror
From Hell,tt0120681,Movie,2001,Horror
Victoria's Shadow,tt0153533,Movie,2001,Horror
Unseen Evil,tt0162030,Movie,2001,Horror
The Vault,tt0165526,Video,2001,Horror
Bones,tt0166110,Movie,2001,Horror
Hot Tubs II: The Terror Returns,tt0167198,Short,2001,Horror
Generation Ax,tt0171339,Movie,2001,Horror
Loukku,tt0178717,Video,2001,Horror
Cremains,tt0195614,Video,2001,Horror
Matthew Blackheart: Monster Smasher,tt0185936,TV Movie,2002,Horror
Blade II,tt0187738,Movie,2002,Horror
Survival Island,tt0201844,Movie,2002,Horror
Harry Knuckles and the Treasure of the Aztec Mummy,tt0212204,Short,2002,Horror
Mortal Kombat: Deadly Alliance,tt0214963,Video Game,2002,Horror
Halloween: Resurrection,tt0220506,Movie,2002,Horror
Biohazard Ø,tt0232531,Video Game,2002,Horror
Frost: Portrait of a Vampire,tt0212277,Video,2003,Horror
Beyond Re-Animator,tt0222812,Movie,2003,Horror
The Invitation,tt0248110,Movie,2003,Horror
Attack of the Killer Hog,tt0250967,Video,2003,Horror
House of 1000 Corpses,tt0251736,Movie,2003,Horror
Subterano,tt0255623,Movie,2003,Horror
Dorian,tt0258534,Movie,2003,Horror
The American Bickman Burger,tt0275914,Short,2003,Horror
Frost,tt0202360,Movie,2004,Horror
Exorcist: The Beginning,tt0204313,Movie,2004,Horror
B-Witched,tt0267288,Video,2004,Horror
Habitaciones para turistas,tt0286669,Movie,2004,Horror
Season's Greetings,tt0287670,Short,2004,Horror
Straight Into Darkness,tt0287733,Movie,2004,Horror
Mark of the Astro-Zombies,tt0291330,Video,2004,Horror
Doom 3,tt0291868,Video Game,2004,Horror
Blood Trail,tt0248709,Video,2005,Horror
Cursed,tt0257516,Movie,2005,Horror
2001 Maniacs,tt0264323,Movie,2005,Horror
Frankenstein & the Werewolf Reborn!,tt0267506,Movie,2005,Horror
From Venus,tt0274509,Movie,2005,Horror
Dracula III: Legacy,tt0303929,Video,2005,Horror
Beyond the Wall of Sleep,tt0279688,Movie,2006,Horror
Under Surveillance,tt0287072,Movie,2006,Horror
Through the Looking Glass,tt0320626,Movie,2006,Horror
The Creature of the Sunny Side Up Trailer Park,tt0328899,Movie,2006,Horror
Satan's Playground,tt0331334,Movie,2006,Horror
Ring Around the Rosie,tt0331488,Video,2006,Horror
Savage Harvest 2: October Blood,tt0352814,Video,2006,Horror
Drømme om djævelen,tt0367683,Short,2006,Horror
L'uomo che non voleva morire,tt0275023,TV Episode,2007,Horror
Each Time I Kill,tt0317401,Movie,2007,Horror
Skin Crawl,tt0338441,Video,2007,Horror
Kottentail,tt0361724,Movie,2007,Horror
Terror Toons 2,tt0362230,Video,2007,Horror
The Devil's Muse,tt0372005,Movie,2007,Horror
Brain Blockers,tt0372184,Video,2007,Horror
Shadow of a Candle,tt0164388,Short,2008,Horror
The Horror Vault,tt0369424,Movie,2008,Horror
Return to Sleepaway Camp,tt0382943,Video,2008,Horror
The Eye,tt0406759,Movie,2008,Horror
Beneath the Mississippi,tt0429658,Movie,2008,Horror
Death's Door,tt0439536,Movie,2008,Horror
Something's Wrong in Kansas,tt0443648,Movie,2008,Horror
Autopsy,tt0443435,Movie,2008,Horror
The X Files: I Want to Believe,tt0443701,Movie,2008,Horror
T.M.A.,tt0289146,Movie,2009,Horror
El libro de piedra,tt0353665,Movie,2009,Horror
Possession,tt0368563,Movie,2009,Horror
It Came from Trafalgar,tt0425141,Movie,2009,Horror
Cabeza de pescado,tt0431670,Movie,2009,Horror
Silo Killer 2: The Wrath of Kyle,tt0431402,Video,2009,Horror
Daybreakers,tt0433362,Movie,2009,Horror
Cabras,tt0436154,Movie,2009,Horror
Town Creek,tt0450336,Movie,2009,Horror
The Devil Inside,tt0436230,Movie,2010,Horror
Les 7 jours du talion,tt0445054,Movie,2010,Horror
The Crazies,tt0455407,Movie,2010,Horror
Satan Hates You,tt0462516,Movie,2010,Horror
Alan Wake,tt0466662,Video Game,2010,Horror
Perfect Life,tt0479204,Movie,2010,Horror
The Invited,tt0490236,Movie,2010,Horror
The Passing,tt0451154,Movie,2011,Horror
Within: Terror Resides...,tt0465673,Video,2011,Horror
Horrorween,tt0765459,Video,2011,Horror
Kill,tt0772179,Movie,2011,Horror
War of the Dead,tt0780645,Movie,2011,Horror
Priest,tt0822847,Movie,2011,Horror
Immortal Island,tt0858422,Movie,2011,Horror
Red State,tt0873886,Movie,2011,Horror
Rift,tt0875613,Movie,2011,Horror
The Possession,tt0431021,Movie,2012,Horror
Monster Mountain,tt0432958,Video,2012,Horror
Bad Blood,tt0495024,Movie,2012,Horror
Santeria: The Soul Possessed,tt0829278,Video,2012,Horror
Jack & Diane,tt0850677,Movie,2012,Horror
Silent Hill: Revelation,tt0938330,Movie,2012,Horror
Night of the Templar,tt0768222,Movie,2013,Horror
Shroud,tt0963948,Movie,2013,Horror
Grandmother's Farm,tt10033686,Movie,2013,Horror
Nang Marn,tt10052284,TV Series,2013,Horror
Outcast,tt10054630,Short,2013,Horror
Fantasia 2,tt10121164,Movie,2013,Horror
Bloedson,tt10127532,Short,2013,Horror
Dare,tt10131656,TV Episode,2013,Horror
House at the End of the Drive,tt0464054,Movie,2014,Horror
Hogzilla,tt0923722,Video,2014,Horror
The Count Jackula Show,tt10027618,TV Series,2014,Horror
House of 1000 Corpses Part 1,tt10029496,TV Episode,2014,Horror
House of 1000 Corpses Part 2,tt10029500,TV Episode,2014,Horror
Top 13 Gooder Movies,tt10029306,TV Episode,2014,Horror
Red State,tt10029506,TV Episode,2014,Horror
"Misogyny in Horror: I Spit On Your Grave, Part 1",tt10029292,TV Episode,2014,Horror
"Misogyny in Horror: I Spit On Your Grave, Part 2",tt10029296,TV Episode,2014,Horror
Puppet Show,tt10010290,Short,2015,Horror
Targets,tt10029522,TV Episode,2015,Horror
Vlog - Unfriended,tt10034000,TV Episode,2015,Horror
Vlog - Spring,tt10034050,TV Episode,2015,Horror
Vlog - Wyrmwood,tt10033966,TV Episode,2015,Horror
Vlog - The Taking of Deborah Logan,tt10034058,TV Episode,2015,Horror
Vlog - Late Phases,tt10034018,TV Episode,2015,Horror
Vlog - Mad Max: Fury Road,tt10034016,TV Episode,2015,Horror
Vlog - What We Do in the Shadows,tt10034030,TV Episode,2015,Horror
Vlog - Goosebumps,tt10034062,TV Episode,2015,Horror
The Million Dollar Hotel,tt0120753,Movie,2000,Mystery
Waking the Dead,tt0127349,Movie,2000,Mystery
Luckytown,tt0160495,Movie,2000,Mystery
Passion of Mind,tt0160644,Movie,2000,Mystery
Four Dogs Playing Poker,tt0160289,Movie,2000,Mystery
What Lies Beneath,tt0161081,Movie,2000,Mystery
Trixie,tt0162711,Movie,2000,Mystery
Enigma,tt0157583,Movie,2001,Mystery
Impostor,tt0160399,Movie,2001,Mystery
Dark Water,tt0163596,Movie,2001,Mystery
Mulholland Drive,tt0166924,Movie,2001,Mystery
The Confidence Man,tt0179735,Movie,2001,Mystery
Ashes to Ashes,tt0180451,Short,2001,Mystery
The Caveman's Valentine,tt0182000,Movie,2001,Mystery
Daybreak,tt0128154,Movie,2002,Mystery
Minority Report,tt0181689,Movie,2002,Mystery
Dead Man's Dream,tt0184387,Movie,2002,Mystery
New Best Friend,tt0191074,Movie,2002,Mystery
Last Seen,tt0220607,Movie,2002,Mystery
The Salton Sea,tt0235737,Movie,2002,Mystery
Florida City,tt0241453,Movie,2002,Mystery
Tony Tough and the Night of Roasted Moths,tt0245511,Video Game,2002,Mystery
Down the Road,tt0296604,Movie,2006,Mystery
Freedomland,tt0349467,Movie,2006,Mystery
Day of Wrath,tt0353357,Movie,2006,Mystery
Ne le dis à personne,tt0362225,Movie,2006,Mystery
Broke Sky,tt0337899,Movie,2007,Mystery
Captivity,tt0374563,Movie,2007,Mystery
Rise,tt0389328,Movie,2007,Mystery
Dreamland,tt0391095,Movie,2007,Mystery
88 Minutes,tt0411061,Movie,2007,Mystery
A londoni férfi,tt0415127,Movie,2007,Mystery
Smallpox: Deadly Again?,tt0401476,TV Episode,2008,Mystery
Surveillance,tt0409345,Movie,2008,Mystery
Quid Pro Quo,tt0414426,Movie,2008,Mystery
The Andromeda Strain,tt0424600,TV Mini Series,2008,Mystery
Dimples,tt0447927,Movie,2008,Mystery
Passengers,tt0449487,Movie,2008,Mystery
Moonlight Blade,tt0121569,Movie,2009,Mystery
Cargo,tt0381940,Movie,2009,Mystery
Disconnect,tt0419692,Movie,2010,Mystery
The Losers,tt0480255,Movie,2010,Mystery
Darkstar: The Interactive Movie,tt0497352,Video Game,2010,Mystery
My Soul to Take,tt0872230,Movie,2010,Mystery
Psych:9,tt0901504,Movie,2010,Mystery
Extremely Loud & Incredibly Close,tt0477302,Movie,2011,Mystery
Atlas Shrugged: Part I,tt0480239,Movie,2011,Mystery
Double Tap,tt0490847,Movie,2011,Mystery
Hoodwinked Too! Hood vs. Evil,tt0844993,Movie,2011,Mystery
Katharsis,tt0865911,Movie,2011,Mystery
Blur,tt0893310,Movie,2011,Mystery
The Thing,tt0905372,Movie,2011,Mystery
The Attack,tt0787442,Movie,2012,Mystery
Exposed,tt0907852,Movie,2012,Mystery
The Courier,tt0995845,Movie,2012,Mystery
Frankenstein's Sorbid Lover,tt10084968,Short,2012,Mystery
La Visita,tt10117000,Short,2012,Mystery
Episode #1.3,tt10185978,TV Episode,2012,Mystery
The Devil You Know,tt0463960,Movie,2013,Mystery
In the Woods,tt0780541,TV Series,2013,Mystery
Whitie Pills Multi-Symptom,tt10025978,Short,2013,Mystery
Hollywood Necronomicon,tt10039528,Movie,2013,Mystery
The Sisterhood of Night,tt1015471,Movie,2014,Mystery
Episode #2.2,tt10162668,TV Episode,2014,Mystery
Episode #2.1,tt10162666,TV Episode,2014,Mystery
Episode #2.3,tt10162674,TV Episode,2014,Mystery
Episode #2.5,tt10162678,TV Episode,2014,Mystery
Episode #2.4,tt10162676,TV Episode,2014,Mystery
Missing Testament (Case No. 3): Part 2,tt10172944,TV Episode,2014,Mystery
Exchange Killings (Case No. 4): Part 2,tt10173066,TV Episode,2014,Mystery
Perfect Ransom (Case No. 5): Part 2,tt10173080,TV Episode,2014,Mystery
Endless Night,tt10025766,Short,2015,Mystery
Tales of Evil,tt10033844,TV Episode,2015,Mystery
Step into the Woods,tt10036756,Short,2015,Mystery
The First Act,tt10056262,Short,2015,Mystery
Child 44,tt1014763,Movie,2015,Mystery
Episode #1.2,tt10151952,TV Episode,2015,Mystery
Episode #1.3,tt10152446,TV Episode,2015,Mystery
Episode #1.6,tt10156804,TV Episode,2015,Mystery
Episode #1.13,tt10159848,TV Episode,2015,Mystery
Episode #1.7,tt10156976,TV Episode,2015,Mystery
The Fantasticks,tt0113026,Movie,2000,Romance
Passionnément,tt0119866,Movie,2000,Romance
Return to Me,tt0122459,Movie,2000,Romance
Dance Naked,tt0123783,Video,2000,Romance
Deep Blue,tt0124359,Movie,2001,Romance
Town & Country,tt0141907,Movie,2001,Romance
Chasing Destiny,tt0156976,TV Movie,2001,Romance
Long Lost Love,tt0160480,Movie,2001,Romance
Tangoed Lives,tt0139479,Movie,2002,Romance
Duty Dating,tt0160239,Movie,2002,Romance
Pipe Dream,tt0164810,Movie,2002,Romance
Desert Saints,tt0167116,Movie,2002,Romance
Ted and Alice,tt0179051,TV Mini Series,2002,Romance
Moonlight Mile,tt0179098,Movie,2002,Romance
Crossing the Rubicon,tt0181430,Movie,2002,Romance
Osmose,tt0195119,Movie,2003,Romance
Venus on the Halfshell,tt0214275,Movie,2003,Romance
Finding Home,tt0228301,Movie,2003,Romance
The Sleeping Dictionary,tt0242888,Movie,2003,Romance
Like Cats and Dogs,tt0201513,TV Movie,2004,Romance
Beacon Hill,tt0206771,Movie,2004,Romance
2046,tt0212712,Movie,2004,Romance
Roomies,tt0224025,Movie,2004,Romance
True Vinyl,tt0229792,Movie,2004,Romance
Alchemy,tt0285682,Movie,2005,Romance
Aspects of Love,tt0287927,Movie,2005,Romance
Rent,tt0294870,Movie,2005,Romance
Going Shopping,tt0295605,Movie,2005,Romance
"Summer, the First Time",tt0249173,Video,2006,Romance
The Worst Day Ever,tt0291569,Movie,2006,Romance
An Existential Affair,tt0302545,Movie,2006,Romance
Humko Tumse Pyaar Hai,tt0314186,Movie,2006,Romance
Loving Annabelle,tt0323120,Movie,2006,Romance
1972,tt0337564,Movie,2006,Romance
Der Liebeswunsch,tt0353667,Movie,2006,Romance
Jin yu liang yuan hong lou meng,tt0075959,Movie,2007,Romance
Romantik,tt0314589,Movie,2007,Romance
Lucky You,tt0338216,Movie,2007,Romance
Fighting Words,tt0354578,Movie,2007,Romance
Susan Hero,tt0362209,Movie,2007,Romance
Playas Ball,tt0368151,Movie,2007,Romance
Crossing,tt0370433,Movie,2007,Romance
Red Is the Color of,tt0373263,Movie,2007,Romance
Tyranny,tt0369035,TV Series,2008,Romance
Leatherheads,tt0379865,Movie,2008,Romance
House of Boys,tt0405022,Movie,2009,Romance
Youth in Revolt,tt0403702,Movie,2009,Romance
Utolsó jelentés Annáról,tt0407852,Movie,2009,Romance
The Perfect Sleep,tt0435716,Movie,2009,Romance
AmerAsian,tt0437065,Movie,2009,Romance
Why George?,tt0437550,Movie,2009,Romance
Kisse Pyaar Karoon?,tt0438894,Movie,2009,Romance
Yesterday Was a Lie,tt0448182,Movie,2009,Romance
"Cargo, les hommes perdus.",tt0437462,Movie,2010,Romance
Milenge Milenge,tt0443331,Movie,2010,Romance
Barry Munday,tt0482461,Movie,2010,Romance
Bandeiji,tt0482459,Movie,2010,Romance
Episode dated 28 November 2010,tt0515077,TV Episode,2010,Romance
A Bird of the Air,tt0448022,Movie,2011,Romance
Hall Pass,tt0480687,Movie,2011,Romance
Something Borrowed,tt0491152,Movie,2011,Romance
What's Your Number?,tt0770703,Movie,2011,Romance
Till You Get to Baraboo,tt0770819,Movie,2011,Romance
Red Dog,tt0803061,Movie,2011,Romance
Elliot Loves,tt0790653,Movie,2012,Romance
Belle du Seigneur,tt0810772,Movie,2012,Romance
Letting Go,tt0865557,Movie,2012,Romance
Jewtopia,tt0878814,Movie,2012,Romance
RMS Titanic: The Story Biograph Told,tt0914856,Video,2012,Romance
Strange Frame: Love & Sax,tt0969345,Movie,2012,Romance
Approaching Midnight,tt0837559,Movie,2013,Romance
Episode #1.55,tt10006856,TV Episode,2013,Romance
Between the Sand and the Sky,tt0897267,Video,2014,Romance
Suite Française,tt0900387,Movie,2014,Romance
Life Mein Twist Hai,tt10006510,Movie,2014,Romance
Idealnyy muzhchina,tt10028042,TV Mini Series,2014,Romance
Zvyozdy svetyat vsem,tt10035404,Movie,2014,Romance
La scelta,tt10036828,Short,2014,Romance
Hum tum,tt10039022,Movie,2014,Romance
Jackson Arms,tt0850678,Movie,2015,Romance
Chooriyan,tt0977643,Movie,2015,Romance
Episode #1.18,tt10014342,TV Episode,2015,Romance
Episode #1.21,tt10014348,TV Episode,2015,Romance
Episode #1.22,tt10014350,TV Episode,2015,Romance
Episode #1.19,tt10014344,TV Episode,2015,Romance
Episode #1.20,tt10014346,TV Episode,2015,Romance
Episode #1.17,tt10014340,TV Episode,2015,Romance
Pushing the Envelope,tt0119966,Movie,2000,Thriller
Vulgar,tt0120467,Movie,2000,Thriller
Lured Innocence,tt0122161,Movie,2000,Thriller
Shikari,tt0120117,Movie,2000,Thriller
The Highwayman,tt0120698,Movie,2000,Thriller
3 noches,tt0114722,Movie,2001,Thriller
Eyes Are Upon You,tt0126899,Movie,2001,Thriller
Training Day,tt0139654,Movie,2001,Thriller
I/O Error,tt0151018,Short,2001,Thriller
D-Tox,tt0160184,Movie,2002,Thriller
The Sum of All Fears,tt0164184,Movie,2002,Thriller
City of Ghosts,tt0164003,Movie,2002,Thriller
Silent Screamplay,tt0160870,Movie,2003,Thriller
Sister Blue,tt0201934,Movie,2003,Thriller
Terror in the Darkness,tt0215244,Movie,2003,Thriller
Shadow Sailing,tt0220755,Short,2003,Thriller
How It All Went Down,tt0243652,Movie,2003,Thriller
Life Sentence,tt0218400,Movie,2004,Thriller
Till Proven Innocent,tt0235219,Movie,2004,Thriller
The 24th Day,tt0246404,Movie,2004,Thriller
False River,tt0160261,Movie,2005,Thriller
Ripley Under Ground,tt0219171,Movie,2005,Thriller
Cl.One,tt0227189,Movie,2005,Thriller
Imposture,tt0261759,Movie,2005,Thriller
Wanted,tt0289016,TV Series,2005,Thriller
.45,tt0259822,Movie,2006,Thriller
"Arrivederci amore, ciao",tt0325011,Movie,2006,Thriller
5ive!,tt0327389,Movie,2006,Thriller
Mystery of the Bloody Mansion,tt0198794,Movie,2007,Thriller
Crime imparfait,tt0259975,TV Episode,2007,Thriller
La vérité qui tue,tt0260520,TV Episode,2007,Thriller
La méthode Barnol,tt0260215,TV Episode,2007,Thriller
Before the Devil Knows You're Dead,tt0292963,Movie,2007,Thriller
ISS Space Agency,tt0399976,Movie,2008,Thriller
Green River,tt0403085,Movie,2008,Thriller
The Rules,tt0407168,Short,2008,Thriller
1,tt0408060,Movie,2009,Thriller
Federal,tt0463311,Movie,2010,Thriller
Moving Target,tt0439724,Movie,2011,Thriller
Escalade,tt0781441,Movie,2011,Thriller
Dark Blood,tt0293069,Movie,2012,Thriller
The Yellow Wallpaper,tt0790788,Movie,2012,Thriller
The Grind,tt0906013,Movie,2012,Thriller
Freaky Deaky,tt0938305,Movie,2012,Thriller
Devil's Knot,tt0804463,Movie,2013,Thriller
N.Y.C. Underground,tt0907625,Video,2013,Thriller
Episode #1.255,tt10019938,TV Episode,2015,Thriller
